id,benchmark,area,jeb9_proxy_raw,jeb9_proxy_skill,nimble3_raw,nimble3_skill,gap_skill,nimble2_skill,jeb27_skill,gap_vs_nimble2,gap_vs_jeb27
9,Home appliance simulator,tools,33.33,33.33,98.86,98.86,65.53,2.27,72.73,96.59,26.13
22,POP909-CL,arts,9.26,8.55,74.1,73.9,65.35,12.95,21.04,60.95,52.86
61,HoVer claim verification,retrieval,65.84,31.68,84.88,69.76,38.08,25.9,40.06,43.86,29.7
44,CLadder,knowledge,60.8,21.6,75.02,50.04,28.44,33.84,45.44,16.2,4.6
12,ANLI,language,52.77,29.25,70.27,55.47,26.22,52.35,57.28,3.12,-1.81
41,VAST,language,57.38,36.06,73.12,59.68,23.62,8.7,45.77,50.98,13.91
40,iSarcasmEval,language,35.56,17.09,53.5,40.17,23.08,40.47,44.44,-0.3,-4.27
58,BBH fixed-option tasks,knowledge,69.38,55.62,84.49,77.52,21.9,52.8,67.68,24.72,9.84
5,CLINC150+OOS,retrieval,66.62,66.42,88.31,88.24,21.82,30.42,88.21,57.82,0.03
59,RAGTruth response-level hallucination,language,66.29,30.11,76.24,50.74,20.63,27.58,54.84,23.16,-4.1
30,GSM8K,knowledge,42.8,31.48,58.98,50.76,19.28,32.25,40.7,18.51,10.06
28,WinoGrande,knowledge,78.74,57.48,86.42,72.84,15.36,51.22,68.74,21.62,4.1
37,Amazon ESCI,retrieval,46.33,32.68,58.27,47.65,14.97,31.68,42.77,15.97,4.88
4,BANKING77,retrieval,69.05,68.65,83.65,83.44,14.79,68.99,78.44,14.45,5.0
62,When2Call MCQ,tools,75.75,67.67,86.8,82.4,14.73,63.56,71.77,18.84,10.63
43,CRUXEval,knowledge,54.39,29.51,64.74,44.05,14.54,30.69,56.86,13.36,-12.81
38,ACOS,language,25.88,23.51,39.04,37.09,13.58,20.68,18.22,16.41,18.87
57,MMLU-Pro,knowledge,51.12,45.02,60.05,55.07,10.05,45.7,58.06,9.37,-2.99
25,GPQA Diamond,knowledge,40.0,20.0,46.43,28.57,8.57,25.17,30.61,3.4,-2.04
23,cfcolor,arts,59.3,18.61,63.21,26.41,7.8,6.77,30.09,19.64,-3.68
42,NLI4CT,language,78.42,58.02,82.41,65.78,7.76,53.95,67.24,11.83,-1.46
1,BFCL,tools,92.35,89.69,97.46,96.57,6.88,88.6,96.73,7.97,-0.16
39,FinEntity,language,85.88,79.23,90.37,85.84,6.61,49.21,84.16,36.63,1.68
64,New Yorker caption matching,arts,56.6,45.75,61.55,51.94,6.19,44.6,65.44,7.34,-13.5
2,ToolRet,tools,63.46,57.69,68.22,63.3,5.61,51.44,60.81,11.86,2.49
20,BPoMP,arts,88.0,75.99,90.71,81.42,5.43,72.48,87.79,8.94,-6.37
29,HellaSwag,language,86.27,81.69,88.76,85.01,3.32,79.99,91.43,5.02,-6.42
11,ContractNLI,language,73.01,60.97,74.09,62.52,1.55,57.08,67.64,5.44,-5.12
31,ChessBench,knowledge,13.0,5.21,14.38,6.75,1.54,5.92,7.38,0.83,-0.63
33,SATA-Bench,knowledge,24.24,23.23,25.64,24.65,1.42,22.5,29.37,2.15,-4.72
45,HLE,knowledge,9.8,0.0,11.38,0,0.0,0,0,0,0
21,Humicroedit,arts,62.74,25.48,61.64,23.29,-2.19,15.07,23.52,8.22,-0.23
3,API-Bank,tools,84.31,84.01,79.13,78.73,-5.28,80.13,83.75,-1.4,-5.02
50,Habermas Machine,arts,42.26,17.02,36.16,7.34,-9.68,13.49,16.52,-6.15,-9.18
56,PhishNChips phishing decisions,retrieval,59.0,18.0,53.95,7.9,-10.1,31.2,21.4,-23.3,-13.5
32,MuSR,knowledge,65.79,45.61,58.78,34.47,-11.14,30.65,39.54,3.82,-5.07
36,BRIGHT,retrieval,51.21,44.35,37.25,29.02,-15.33,18.71,42.88,10.31,-13.86
